{"name":"e2c4cc26-f86a-406d-b645-f3400c090b8b","id":"/providers/Microsoft.Flow/flows/e2c4cc26-f86a-406d-b645-f3400c090b8b","type":"Microsoft.Flow/flows","properties":{"apiId":"/providers/Microsoft.PowerApps/apis/shared_logicflows","displayName":"Tesla Climate Control","definition":{"metadata":{"workflowEntityId":null,"flowclientsuspensionreason":"None","flowclientsuspensiontime":null,"creator":{"id":"0069db9f-18eb-453c-b279-ec1d979aa020","type":"User","tenantId":"f6d1398a-b5d1-4891-bf35-45dc32137e6b"},"provisioningMethod":"FromDefinition","failureAlertSubscription":true,"clientLastModifiedTime":"2020-09-19T06:06:48.2272768Z"},"$schema":"https://schema.management.azure.com/providers/Microsoft.Logic/schemas/2016-06-01/workflowdefinition.json#","contentVersion":"1.0.0.0","parameters":{"$connections":{"defaultValue":{},"type":"Object"},"$authentication":{"defaultValue":{},"type":"SecureObject"}},"triggers":{"When_an_upcoming_event_is_starting_soon_(V3)":{"recurrence":{"frequency":"Minute","interval":1},"splitOn":"@triggerBody()?['value']","metadata":{"flowSystemMetadata":{"swaggerOperationId":"OnUpcomingEventsV3"}},"type":"ApiConnection","inputs":{"host":{"connection":{"name":"@parameters('$connections')['shared_office365']['connectionId']"},"api":{"runtimeUrl":"https://flow-apim-europe-001-northeurope-01.azure-apim.net/apim/office365"}},"method":"get","path":"/v3/Events/OnUpcomingEvents","queries":{"table":"AQMkAGNlZjRkYWM4LWQzMGMtNDMxOC1iYgA5YS02ZmI2NTk1OTQxNGYARgAAA8ZD32jPj_JGrSUXg7TGaSUHAIx1lQ4ZRb9ApFhq8oJhP6kAAAIBBgAAAIx1lQ4ZRb9ApFhq8oJhP6kAAAJnBQAAAA==","lookAheadTimeInMinutes":15},"authentication":"@parameters('$authentication')"}}},"actions":{"Initialize_variable_MyAccessToken":{"runAfter":{"Initialize_variable_Temperature":["Succeeded"]},"type":"InitializeVariable","inputs":{"variables":[{"name":"MyAccessToken","type":"String"}]},"description":"Please leave empty. This will be filled later during the process"},"Initialize_variable_MyCarID":{"runAfter":{"Initialize_variable_MyAccessToken":["Succeeded"]},"type":"InitializeVariable","inputs":{"variables":[{"name":"MyCarID","type":"String"}]},"description":" Please leave empty. This will be filled later during the process"},"HTTP_POST_GetToken":{"runAfter":{"Initialize_variable_MyCarID":["Succeeded"]},"type":"Http","inputs":{"method":"POST","uri":"https://owner-api.teslamotors.com/oauth/token","headers":{"Content-Type:":"application/json"},"body":{"grant_type":"password","client_id":"81527cff06843c8634fdc09e8ac0abefb46ac849f38fe1e431c2ef2106796384","client_secret":"c7257eb71a564034f9419ee651c7d0e5f7aa6bfbd18bafb5c5c033b093bb2fa3","email":"@{variables('username')}","password":"@{variables('password')}"}}},"Condition_HTTP_Post_GetToken_is_OK":{"actions":{"Parse_JSON_GetToken":{"runAfter":{},"type":"ParseJson","inputs":{"content":"@body('HTTP_POST_GetToken')","schema":{"type":"object","properties":{"access_token":{"type":"string"},"token_type":{"type":"string"},"expires_in":{"type":"integer"},"refresh_token":{"type":"string"},"created_at":{"type":"integer"}}}}},"Set_variable_MyAccessToken":{"runAfter":{"Parse_JSON_GetToken":["Succeeded"]},"type":"SetVariable","inputs":{"name":"MyAccessToken","value":"@body('Parse_JSON_GetToken')?['access_token']"}},"HTTP_GET_Vehicles":{"runAfter":{"Set_variable_MyAccessToken":["Succeeded"]},"type":"Http","inputs":{"method":"GET","uri":"https://owner-api.teslamotors.com/api/1/vehicles/","headers":{"Authorization":"Bearer @{variables('MyAccessToken')}"}}},"Condition_Get_Vehicles_is_OK":{"actions":{"Parse_JSON_GetVehicles":{"runAfter":{},"type":"ParseJson","inputs":{"content":"@body('HTTP_GET_Vehicles')","schema":{"type":"object","properties":{"response":{"type":"array","items":{"type":"object","properties":{"id":{"type":"integer"},"vehicle_id":{"type":"integer"},"vin":{"type":"string"},"display_name":{"type":"string"},"option_codes":{"type":"string"},"color":{},"tokens":{"type":"array","items":{"type":"string"}},"state":{"type":"string"},"in_service":{"type":"boolean"},"id_s":{"type":"string"},"calendar_enabled":{"type":"boolean"},"api_version":{"type":"integer"},"backseat_token":{},"backseat_token_updated_at":{}},"required":["id","vehicle_id","vin","display_name","option_codes","color","tokens","state","in_service","id_s","calendar_enabled","api_version","backseat_token","backseat_token_updated_at"]}},"count":{"type":"integer"}}}}},"Apply_to_each":{"foreach":"@body('Parse_JSON_GetVehicles')?['response']","actions":{"Set_variable_MyCarID":{"runAfter":{},"type":"SetVariable","inputs":{"name":"MyCarID","value":"@items('Apply_to_each')?['id_s']"}},"HTTP_POST_WakeUp":{"runAfter":{"Set_variable_MyCarID":["Succeeded"]},"type":"Http","inputs":{"method":"POST","uri":"https://owner-api.teslamotors.com/api/1/vehicles/@{variables('MyCarID')}/wake_up","headers":{"Authorization":"Bearer @{variables('MyAccessToken')}"}}},"Wait_20_seconds_to_wake_up":{"runAfter":{"HTTP_POST_WakeUp":["Succeeded"]},"type":"Wait","inputs":{"interval":{"count":20,"unit":"Second"}}},"Get_Drive_state":{"runAfter":{"Wait_20_seconds_to_wake_up":["Succeeded"]},"type":"Http","inputs":{"method":"GET","uri":"https://owner-api.teslamotors.com/api/1/vehicles/@{variables('MyCarID')}/data_request/drive_state","headers":{"Authorization":"Bearer @{variables('MyAccessToken')}"}}},"Drive_state":{"runAfter":{"Get_Drive_state":["Succeeded"]},"type":"ParseJson","inputs":{"content":"@body('Get_Drive_state')","schema":{"type":"object","properties":{"response":{"type":"object","properties":{"gps_as_of":{"type":"integer"},"heading":{"type":"integer"},"latitude":{"type":"number"},"longitude":{"type":"number"},"native_latitude":{"type":"number"},"native_location_supported":{"type":"integer"},"native_longitude":{"type":"number"},"native_type":{"type":"string"},"power":{"type":"integer"},"shift_state":{},"speed":{},"timestamp":{"type":"integer"}}}}}}},"Do_nothing_when_driving":{"actions":{"Get_Battery_Status":{"runAfter":{},"type":"Http","inputs":{"method":"GET","uri":"https://owner-api.teslamotors.com/api/1/vehicles/@{variables('MyCarID')}/data_request/charge_state","headers":{"Authorization":"Bearer @{variables('MyAccessToken')}"}}},"Battery_Status":{"runAfter":{"Get_Battery_Status":["Succeeded"]},"type":"ParseJson","inputs":{"content":"@body('Get_Battery_Status')","schema":{"type":"object","properties":{"response":{"type":"object","properties":{"charging_state":{"type":"string"},"battery_range":{"type":"number"},"est_battery_range":{"type":"number"},"battery_level":{"type":"integer"},"usable_battery_level":{"type":"integer"},"timestamp":{"type":"integer"}}}}}}},"Send_me_a_mobile_notification":{"runAfter":{"Battery_Status":["Succeeded"]},"metadata":{"flowSystemMetadata":{"swaggerOperationId":"SendNotification"}},"type":"ApiConnection","inputs":{"host":{"connection":{"name":"@parameters('$connections')['shared_flowpush']['connectionId']"},"api":{"runtimeUrl":"https://flow-apim-europe-001-northeurope-01.azure-apim.net/apim/flowpush"}},"method":"post","body":{"notificationText":"Battery level: @{body('Battery_Status')?['response']?['battery_level']}\nRange: @{body('Battery_Status')?['response']?['battery_range']}\nCharing state: @{body('Battery_Status')?['response']?['charging_state']}\nEstimated battery range: @{body('Battery_Status')?['response']?['est_battery_range']} \nUsable Battery level: @{body('Battery_Status')?['response']?['usable_battery_level']}"},"path":"/sendNotification","authentication":"@parameters('$authentication')"}},"Above_threshold":{"actions":{"JSON_analysieren":{"runAfter":{"Get_Outside_and_Inside_Temperature":["Succeeded"]},"type":"ParseJson","inputs":{"content":"@body('Get_Outside_and_Inside_Temperature')","schema":{"type":"object","properties":{"response":{"type":"object","properties":{"battery_heater":{"type":"boolean"},"battery_heater_no_power":{"type":["boolean","null"]},"climate_keeper_mode":{"type":"string"},"defrost_mode":{"type":"integer"},"driver_temp_setting":{"type":"number"},"fan_status":{"type":"integer"},"inside_temp":{},"is_auto_conditioning_on":{},"is_climate_on":{"type":"boolean"},"is_front_defroster_on":{"type":"boolean"},"is_preconditioning":{"type":"boolean"},"is_rear_defroster_on":{"type":"boolean"},"left_temp_direction":{},"max_avail_temp":{"type":"integer"},"min_avail_temp":{"type":"integer"},"outside_temp":{},"passenger_temp_setting":{"type":"number"},"remote_heater_control_enabled":{"type":"boolean"},"right_temp_direction":{},"seat_heater_left":{"type":"integer"},"seat_heater_rear_center":{"type":"integer"},"seat_heater_rear_left":{"type":"integer"},"seat_heater_rear_left_back":{"type":"integer"},"seat_heater_rear_right":{"type":"integer"},"seat_heater_rear_right_back":{"type":"integer"},"seat_heater_right":{"type":"integer"},"side_mirror_heaters":{"type":"boolean"},"steering_wheel_heater":{"type":"boolean"},"timestamp":{"type":"integer"},"wiper_blade_heater":{"type":"boolean"}}}}}}},"Inside_temperature_not_equals_desired_temperature":{"actions":{},"runAfter":{"JSON_analysieren":["Succeeded"]},"else":{"actions":{"Send_me_a_mobile_notification_2":{"runAfter":{},"metadata":{"flowSystemMetadata":{"swaggerOperationId":"SendNotification"}},"type":"ApiConnection","inputs":{"host":{"connection":{"name":"@parameters('$connections')['shared_flowpush']['connectionId']"},"api":{"runtimeUrl":"https://flow-apim-europe-001-northeurope-01.azure-apim.net/apim/flowpush"}},"method":"post","body":{"notificationText":"Pre-heating did not start because it is not necessary. Outside temperature is , inside temperature @{body('JSON_analysieren')?['response']?['inside_temp']} matches desired temperature @{variables('Temperature')}"},"path":"/sendNotification","authentication":"@parameters('$authentication')"}}}},"expression":{"not":{"equals":["@body('JSON_analysieren')?['response']?['inside_temp']","@variables('Temperature')"]}},"type":"If"},"Get_Outside_and_Inside_Temperature":{"runAfter":{},"type":"Http","inputs":{"method":"GET","uri":"https://owner-api.teslamotors.com/api/1/vehicles/@{variables('MyCarID')}/data_request/climate_state","headers":{"Authorization":"Bearer @{variables('MyAccessToken')}"}}},"Bedingung":{"actions":{"HTTP_POST_HVAC_START":{"runAfter":{},"type":"Http","inputs":{"method":"POST","uri":"https://owner-api.teslamotors.com/api/1/vehicles/@{variables('MyCarID')}/command/auto_conditioning_start","headers":{"Authorization":"Bearer @{variables('MyAccessToken')}"}}},"If_HVAC_started_successfully":{"actions":{"HTTP_POST_SetTemperature":{"runAfter":{},"type":"Http","inputs":{"method":"POST","uri":"https://owner-api.teslamotors.com/api/1/vehicles/@{variables('MyCarID')}/command/set_temps","headers":{"Authorization":"Bearer @{variables('MyAccessToken')}"},"body":{"driver_temp":"@{variables('Temperature')}","passenger_temp":"@{variables('Temperature')}"}}},"HTTP_POST_RemoteSeatHeaterRequest":{"runAfter":{"HTTP_POST_SetTemperature":["Succeeded"]},"type":"Http","inputs":{"method":"POST","uri":"https://owner-api.teslamotors.com/api/1/vehicles/@{variables('MyCarID')}/command/remote_seat_heater_request","headers":{"Authorization":"Bearer @{variables('MyAccessToken')}"},"body":{"heater":"0","level":"3"}}},"Condition":{"actions":{},"runAfter":{"HTTP_POST_RemoteSeatHeaterRequest":["Succeeded"]},"expression":{"equals":["",200]},"type":"If"}},"runAfter":{"HTTP_POST_HVAC_START":["Succeeded"]},"expression":{"equals":["@outputs('HTTP_POST_HVAC_START')['statusCode']",200]},"type":"If"},"Heating_or_Cooling_time":{"runAfter":{"If_HVAC_started_successfully":["Succeeded"]},"type":"Wait","inputs":{"interval":{"count":"@variables('HeatorCoolingTime')","unit":"Minute"}}},"HTTP_POST_AutoConditioningStop":{"runAfter":{"Heating_or_Cooling_time":["Succeeded"]},"type":"Http","inputs":{"method":"POST","uri":"https://owner-api.teslamotors.com/api/1/vehicles/@{variables('MyCarID')}/command/auto_conditioning_stop","headers":{"Authorization":"Bearer @{variables('MyAccessToken')}"}}},"HTTP_POST_RemoteSeatHeaterRequest_Turn_Off":{"runAfter":{"HTTP_POST_AutoConditioningStop":["Succeeded"]},"type":"Http","inputs":{"method":"POST","uri":"https://owner-api.teslamotors.com/api/1/vehicles/@{variables('MyCarID')}/command/remote_seat_heater_request","headers":{"Authorization":"Bearer @{variables('MyAccessToken')}"},"body":{"heater":"0","level":"0"}}},"Notify_Tesla_Climate_control_stopped":{"runAfter":{"HTTP_POST_RemoteSeatHeaterRequest_Turn_Off":["Succeeded"]},"metadata":{"flowSystemMetadata":{"swaggerOperationId":"SendNotification"}},"type":"ApiConnection","inputs":{"host":{"connection":{"name":"@parameters('$connections')['shared_flowpush']['connectionId']"},"api":{"runtimeUrl":"https://flow-apim-europe-001-northeurope-01.azure-apim.net/apim/flowpush"}},"method":"post","body":{"notificationText":"Tesla Climate control stopped!"},"path":"/sendNotification","authentication":"@parameters('$authentication')"}}},"runAfter":{"Inside_temperature_not_equals_desired_temperature":["Succeeded"]},"else":{"actions":{"Bedingung_2":{"actions":{"HTTP":{"runAfter":{},"type":"Http","inputs":{"method":"POST","uri":"https://owner-api.teslamotors.com/api/1/vehicles/@{variables('MyCarID')}/command/auto_conditioning_start","headers":{"Authorization":"Bearer @{variables('MyAccessToken')}"}}},"Bedingung_3":{"actions":{"HTTP_2":{"runAfter":{},"type":"Http","inputs":{"method":"POST","uri":"https://owner-api.teslamotors.com/api/1/vehicles/@{variables('MyCarID')}/command/set_temps","headers":{"Authorization":"Bearer @{variables('MyAccessToken')}"},"body":{"driver_temp":"@{variables('Temperature')}","passenger_temp":"@{variables('Temperature')}"}}}},"runAfter":{"HTTP":["Succeeded"]},"expression":{"equals":["@outputs('HTTP')['statusCode']",200]},"type":"If"},"Verzögern":{"runAfter":{"Bedingung_3":["Succeeded"]},"type":"Wait","inputs":{"interval":{"count":"@variables('HeatorCoolingTime')","unit":"Minute"}}},"HTTP_3":{"runAfter":{"Verzögern":["Succeeded"]},"type":"Http","inputs":{"method":"POST","uri":"https://owner-api.teslamotors.com/api/1/vehicles/@{variables('MyCarID')}/command/auto_conditioning_stop","headers":{"Authorization":"Bearer @{variables('MyAccessToken')}"}}},"Send_me_a_mobile_notification_4":{"runAfter":{"HTTP_3":["Succeeded"]},"metadata":{"flowSystemMetadata":{"swaggerOperationId":"SendNotification"}},"type":"ApiConnection","inputs":{"host":{"connection":{"name":"@parameters('$connections')['shared_flowpush']['connectionId']"},"api":{"runtimeUrl":"https://flow-apim-europe-001-northeurope-01.azure-apim.net/apim/flowpush"}},"method":"post","body":{"notificationText":"Tesla Climate control stopped!"},"path":"/sendNotification","authentication":"@parameters('$authentication')"}}},"runAfter":{},"expression":{"greater":["@body('JSON_analysieren')?['response']?['inside_temp']","@variables('MaxTemp')"]},"type":"If"}}},"expression":{"less":["@body('JSON_analysieren')?['response']?['outside_temp']","@variables('MinTemp')"]},"type":"If"}},"runAfter":{"Send_me_a_mobile_notification":["Succeeded"]},"else":{"actions":{"Notify_pre-heat_did_not_start_due_to_low_battery":{"runAfter":{},"metadata":{"flowSystemMetadata":{"swaggerOperationId":"SendNotification"}},"type":"ApiConnection","inputs":{"host":{"connection":{"name":"@parameters('$connections')['shared_flowpush']['connectionId']"},"api":{"runtimeUrl":"https://flow-apim-europe-001-northeurope-01.azure-apim.net/apim/flowpush"}},"method":"post","body":{"notificationText":"Pre-heating did not start because the battery percentage is: @{body('Battery_Status')?['response']?['usable_battery_level']}% and it should be at least: @{variables('MinimalPower')}%"},"path":"/sendNotification","authentication":"@parameters('$authentication')"}}}},"expression":{"greaterOrEquals":["@body('Battery_Status')?['response']?['usable_battery_level']","@variables('MinimalPower')"]},"type":"If"}},"runAfter":{"Drive_state":["Succeeded"]},"else":{"actions":{"Send_me_a_mobile_notification_3":{"runAfter":{},"metadata":{"flowSystemMetadata":{"swaggerOperationId":"SendNotification"}},"type":"ApiConnection","inputs":{"host":{"connection":{"name":"@parameters('$connections')['shared_flowpush']['connectionId']"},"api":{"runtimeUrl":"https://flow-apim-europe-001-northeurope-01.azure-apim.net/apim/flowpush"}},"method":"post","body":{"notificationText":"Car is driving nothing to do"},"path":"/sendNotification","authentication":"@parameters('$authentication')"}}}},"expression":{"equals":["@body('Drive_state')?['response']?['shift_state']",null]},"type":"If"}},"runAfter":{"Parse_JSON_GetVehicles":["Succeeded"]},"type":"Foreach"},"Beenden_3":{"runAfter":{"Apply_to_each":["Succeeded"]},"type":"Terminate","inputs":{"runStatus":"Succeeded"}}},"runAfter":{"HTTP_GET_Vehicles":["Succeeded"]},"else":{"actions":{"Beenden_2":{"runAfter":{},"type":"Terminate","inputs":{"runStatus":"Failed"}}}},"expression":{"equals":["@outputs('HTTP_GET_Vehicles')['statusCode']",200]},"type":"If"}},"runAfter":{"HTTP_POST_GetToken":["Succeeded"]},"else":{"actions":{"Beenden":{"runAfter":{},"type":"Terminate","inputs":{"runStatus":"Succeeded"}}}},"expression":{"equals":["@outputs('HTTP_POST_GetToken')['statusCode']",200]},"type":"If"},"Initialize_variable_Username":{"runAfter":{"Check_agenda_for_calendar":["Succeeded"]},"type":"InitializeVariable","inputs":{"variables":[{"name":"username","type":"string","value":"your Tesla login name"}]}},"Initialize_variable_Password":{"runAfter":{"Initialize_variable_Username":["Succeeded"]},"type":"InitializeVariable","inputs":{"variables":[{"name":"password","type":"string","value":"your Tesla logon password"}]}},"Check_agenda_for_calendar":{"actions":{},"runAfter":{},"else":{"actions":{"Terminate":{"runAfter":{},"type":"Terminate","inputs":{"runStatus":"Succeeded"}}}},"expression":{"or":[{"contains":["@triggerBody()?['subject']","Anreise"]},{"contains":["@triggerBody()?['subject']","reise"]},{"contains":["@triggerBody()?['subject']","Abreise"]},{"contains":["@triggerBody()?['subject']","Rückreise"]}]},"type":"If"},"Initialize_MinimalBatteryPower":{"runAfter":{"Initialize_variable_Password":["Succeeded"]},"type":"InitializeVariable","inputs":{"variables":[{"name":"MinimalPower","type":"integer","value":21}]},"description":"Define the minimum battery level to pre-heat. Do not add any symbols like percentage %"},"Initialize_variable_HeatorCoolingTime":{"runAfter":{"Initialize_MinimalBatteryPower":["Succeeded"]},"type":"InitializeVariable","inputs":{"variables":[{"name":"HeatorCoolingTime","type":"integer","value":15}]},"description":"How long should the pre-heat or cooling take place?"},"Initialize_variable_MinTemp":{"runAfter":{"Initialize_variable_HeatorCoolingTime":["Succeeded"]},"type":"InitializeVariable","inputs":{"variables":[{"name":"MinTemp","type":"integer","value":5}]},"description":"Start cooling or heating when temperature is below this set degrees"},"Initialize_variable_MaxTemp":{"runAfter":{"Initialize_variable_MinTemp":["Succeeded"]},"type":"InitializeVariable","inputs":{"variables":[{"name":"MaxTemp","type":"integer","value":23}]},"description":"Start cooling or heating when temperature is above this set degrees"},"Initialize_variable_Temperature":{"runAfter":{"Initialize_variable_MaxTemp":["Succeeded"]},"type":"InitializeVariable","inputs":{"variables":[{"name":"Temperature","type":"string","value":"21.0"}]}}},"description":"This flow is intended to give you the starting nuts and bolts to send commands to your Tesla vehicle. \nInitially inspired by https://niek.jachimowski.nl/"},"connectionReferences":{"shared_flowpush":{"connectionName":"shared-flowpush-c57539a4-6d68-424d-a2b8-72c2cb33923d","source":"Embedded","id":"/providers/Microsoft.PowerApps/apis/shared_flowpush","tier":"NotSpecified"},"shared_office365":{"connectionName":"f18871c5-53c1-4c4e-9d43-b3bb-e43cfadc","source":"Embedded","id":"/providers/Microsoft.PowerApps/apis/shared_office365","tier":"NotSpecified"}},"flowFailureAlertSubscribed":false}}